{"cameraMode":{"drawMode":0,"name":"Shaded","section":"Shading Mode"},"sceneLighting":false,"audioPlay":false,"sceneViewState":{"m_AlwaysRefresh":false,"showFog":true,"showSkybox":true,"showFlares":true,"showImageEffects":true,"showParticleSystems":true,"showVisualEffectGraphs":true,"m_FxEnabled":true},"in2DMode":false,"pivot":{"x":-3.401991844177246,"y":29.905351638793947,"z":-28.181182861328126},"rotation":{"x":0.013710678555071354,"y":0.012450424954295159,"z":0.00008019247616175562,"w":0.999836266040802},"size":2.3553946018218996,"orthographic":false}